DATA E HORA INICIAL E FINAL ;MOTORISTA;VEICULO;KM_INCIAL X KM_FINAL;VALOR_ABASTECIDO;
24/09/2026 18:20;EDSON;FCL9986;626.727;R$ 230,94;
24/09/2026 07:31;EDSON;FCL9986;626.439;R$ 283,85;
23/09/2026 07:10;EDSON;FCL9986;626.134;R$ 232,78;
21/09/2026 17:51;EDSON;FCL9986;625.777;R$ 299,15;
14/09/2026 19:15;EDSON;FCL9986;624.656;R$ 406,82;
11/09/2026 07:02;EDSON;FCL9986;624.106;R$ 335,88;
09/09/2026 17:46;EDSON;FCL9986;623.750;R$ 413,17;
25/08/2026 10:46;EDSON;FCL9986;623.226;R$ 294,57;
15/06/2026 12:29;EDSON;FCL9986;620.432;R$ 285,92;
16/04/2026 19:33;EDSON;FCL9986;620.067;R$ 384,21;
16/04/2026 19:26;EDSON;FCL9986;620.067;R$ 384,21;
16/04/2026 07:08;EDSON;FCL9986;619.729;R$ 342,29;
02/04/2026 12:04;EDSON;FCL9986;618.669;R$ 205,89;
30/03/2026 17:23;EDSON;FCL9986;618.454;R$ 300,07;
27/03/2026 17:27;EDSON;FCL9986;618.070;R$ 289,71;
27/03/2026 07:17;EDSON;FCL9986;617.761;R$ 346,19;
25/03/2026 18:30;EDSON;FCL9986;617.424;R$ 263,85;
25/03/2026 07:07;EDSON;FCL9986;617.108;R$ 310,04;
23/03/2026 19:20;EDSON;FCL9986;616.789;R$ 275,22;
23/03/2026 07:03;EDSON;FCL9986;616.463;R$ 270,00;
13/03/2026 18:42;EDSON;FCL9986;615.859;R$ 252,83;
10/03/2026 19:14;EDSON;FCL9986;615.241;R$ 295,03;
09/03/2026 18:07;EDSON;FCL9986;614.828;R$ 238,62;
06/03/2026 20:17;EDSON;FCL9986;614.540;R$ 264,35;
05/03/2026 18:46;EDSON;FCL9986;614.161;R$ 439,76;
12/02/2026 18:30;EDSON;FCL9986;612.141;R$ 319,50;
30/01/2026 08:20;EDSON;FCL9986;611.747;R$ 218,15;
28/01/2026 18:22;EDSON;FCL9986;611.412;R$ 266,91;
28/01/2026 07:11;EDSON;FCL9986;611.062;R$ 233,62;
26/01/2026 19:46;EDSON;FCL9986;610.759;R$ 342,31;
27/08/2025 19:09;EDSON;FCL9986;606.202;R$ 421,87;
14/08/2025 06:48;EDSON;FCL9986;605.080;R$ 236,11;
12/08/2025 19:12;EDSON;FCL9986;604.755;R$ 424,74;
